UserID,Probability1
3,0.5015
4,0.626833333333333
10,0.6777
14,0.246133333333333
16,0.552633333333333
23,0.463566666666667
29,0.528033333333333
33,0.387033333333333
37,0.6563
45,0.6206
47,0.6918
54,0.233133333333333
55,0.6361
60,0.457933333333333
68,0.635066666666666
79,0.6507
90,0.678766666666667
93,0.492133333333333
98,0.745533333333333
101,0.764066666666667
107,0.655666666666667
109,0.446266666666667
113,0.750966666666667
116,0.525633333333333
118,0.379266666666667
119,0.671666666666667
120,0.784133333333333
126,0.553
131,0.765733333333333
134,0.797033333333333
135,0.6191
137,0.761533333333333
139,0.3169
140,0.6387
141,0.742166666666667
142,0.3555
152,0.773233333333333
162,0.584066666666667
164,0.663
168,0.6644
172,0.745166666666667
173,0.567966666666667
176,0.8392
179,0.568933333333333
181,0.622333333333333
182,0.2822
183,0.5077
186,0.727633333333333
189,0.581866666666667
192,0.578
193,0.756
194,0.678533333333333
196,0.588833333333333
197,0.864766666666667
198,0.447233333333334
201,0.58
204,0.688533333333333
205,0.4431
210,0.6202
213,0.4818
216,0.4656
221,0.724133333333333
234,0.1931
237,0.546333333333333
241,0.377733333333333
246,0.272866666666667
258,0.7082
261,0.238566666666667
262,0.609066666666667
271,0.342633333333333
279,0.658666666666667
280,0.543866666666667
288,0.426733333333333
291,0.473533333333333
296,0.226466666666667
301,0.713766666666667
305,0.2316
306,0.5175
310,0.5195
313,0.737866666666667
315,0.757166666666667
317,0.683833333333333
318,0.721266666666667
319,0.513433333333333
321,0.6767
323,0.398233333333333
324,0.469666666666667
325,0.756833333333333
326,0.666033333333333
327,0.5469
328,0.5987
331,0.439933333333333
340,0.7077
342,0.539866666666667
344,0.6758
346,0.677666666666667
347,0.834933333333333
358,0.1907
368,0.228166666666667
369,0.606633333333333
382,0.271066666666667
383,0.8064
384,0.434433333333333
385,0.6231
386,0.6882
392,0.296433333333333
396,0.513466666666667
397,0.5316
399,0.5982
400,0.850133333333333
402,0.456233333333333
404,0.547466666666667
405,0.354466666666667
410,0.2968
412,0.417433333333333
415,0.472566666666667
416,0.639466666666667
418,0.5806
419,0.5795
421,0.178866666666667
422,0.606466666666667
424,0.650766666666667
437,0.840233333333333
440,0.660133333333333
442,0.7705
443,0.445166666666667
447,0.544033333333333
448,0.6096
449,0.669533333333333
453,0.5133
465,0.478166666666667
467,0.7506
468,0.266666666666667
470,0.339633333333333
472,0.4456
476,0.385266666666667
484,0.711666666666667
486,0.758966666666667
487,0.5197
492,0.800033333333333
494,0.612066666666667
495,0.6819
503,0.5502
505,0.772866666666667
514,0.321166666666667
516,0.609133333333333
518,0.571366666666667
521,0.373266666666667
523,0.566666666666667
529,0.146066666666667
531,0.703633333333333
533,0.591366666666667
534,0.363333333333333
536,0.516966666666667
545,0.6721
549,0.845133333333333
553,0.626166666666667
555,0.544366666666667
561,0.588533333333333
562,0.679233333333333
563,0.7158
567,0.3364
569,0.314766666666667
570,0.273166666666667
575,0.784766666666667
577,0.598833333333333
579,0.456966666666667
581,0.463066666666667
582,0.590433333333333
583,0.262233333333333
590,0.2687
598,0.541333333333334
600,0.6005
603,0.8051
604,0.6667
606,0.5891
619,0.7369
621,0.4762
622,0.706533333333333
623,0.206766666666667
627,0.688666666666667
633,0.782066666666667
636,0.7015
639,0.572233333333333
643,0.6292
653,0.3225
654,0.758266666666667
660,0.803366666666667
681,0.5288
685,0.7361
691,0.566666666666667
696,0.6393
698,0.283233333333333
699,0.823
700,0.6855
703,0.579266666666667
705,0.6546
707,0.8145
708,0.570133333333333
711,0.534066666666666
712,0.717533333333333
716,0.322033333333333
719,0.653866666666667
722,0.635966666666667
724,0.239033333333333
727,0.359033333333333
730,0.622633333333333
736,0.691266666666667
743,0.697566666666667
753,0.6803
755,0.3292
765,0.640733333333333
774,0.6957
775,0.382
778,0.620133333333333
784,0.568333333333333
788,0.7424
789,0.397233333333333
791,0.5023
797,0.360066666666667
798,0.267333333333333
800,0.823166666666667
802,0.195466666666667
807,0.384066666666667
810,0.7591
811,0.330266666666667
820,0.753533333333333
821,0.564766666666667
822,0.6813
823,0.6403
824,0.860266666666667
826,0.0713
828,0.533166666666666
831,0.3332
832,0.174466666666667
833,0.4282
834,0.430066666666667
837,0.600733333333333
838,0.6793
841,0.7902
843,0.5129
844,0.336466666666667
850,0.714466666666667
853,0.652733333333334
855,0.271733333333333
856,0.523766666666667
860,0.292733333333333
864,0.359666666666667
868,0.559466666666667
875,0.503766666666667
876,0.269666666666667
877,0.707633333333333
879,0.5267
889,0.768433333333333
890,0.5657
894,0.284033333333333
896,0.562466666666666
897,0.6666
904,0.186933333333333
905,0.705266666666667
907,0.369866666666667
909,0.271333333333333
913,0.524633333333333
925,0.416833333333333
926,0.482533333333333
927,0.5838
928,0.3856
931,0.577533333333333
932,0.786466666666667
934,0.396566666666667
935,0.388266666666667
939,0.4045
941,0.515933333333333
942,0.209766666666667
947,0.528833333333333
948,0.443066666666667
950,0.5591
951,0.472533333333333
958,0.4922
959,0.647733333333333
960,0.737666666666667
966,0.468133333333333
975,0.670433333333334
985,0.726433333333333
992,0.325433333333333
993,0.269466666666667
994,0.255333333333333
995,0.3063
998,0.613633333333333
1001,0.751433333333334
1009,0.232033333333333
1011,0.279433333333333
1012,0.6448
1013,0.6217
1014,0.3637
1028,0.7813
1032,0.556466666666667
1033,0.820633333333333
1037,0.403533333333334
1051,0.537766666666667
1052,0.392766666666667
1055,0.636166666666667
1061,0.320566666666667
1067,0.602966666666667
1071,0.5797
1073,0.775733333333333
1075,0.283766666666667
1077,0.387466666666667
1078,0.239533333333333
1081,0.5672
1082,0.575433333333333
1088,0.7532
1094,0.620466666666667
1100,0.413333333333333
1102,0.718066666666667
1103,0.241866666666667
1112,0.7315
1114,0.6997
1117,0.8302
1118,0.6203
1127,0.720866666666667
1130,0.7559
1131,0.7806
1132,0.585733333333333
1136,0.4732
1139,0.5191
1151,0.8823
1152,0.6869
1153,0.416066666666667
1155,0.718666666666667
1158,0.401266666666667
1161,0.7565
1165,0.6827
1166,0.3852
1172,0.698666666666667
1173,0.442433333333333
1177,0.334566666666667
1178,0.597533333333333
1179,0.401166666666667
1180,0.290666666666667
1181,0.267833333333333
1182,0.749333333333333
1187,0.588033333333334
1190,0.716666666666667
1194,0.5352
1197,0.509666666666667
1198,0.462466666666667
1203,0.519866666666667
1206,0.796633333333333
1208,0.396933333333333
1212,0.685666666666667
1214,0.756866666666667
1217,0.294166666666667
1220,0.587966666666667
1225,0.647866666666666
1232,0.527333333333333
1234,0.592633333333333
1241,0.650666666666667
1247,0.681033333333333
1250,0.340266666666667
1251,0.605933333333333
1255,0.879666666666667
1256,0.55
1260,0.728466666666667
1261,0.809533333333333
1266,0.644033333333333
1270,0.5417
1272,0.641066666666666
1274,0.623666666666667
1288,0.6088
1290,0.706633333333333
1291,0.729
1294,0.470033333333333
1295,0.480266666666667
1297,0.687933333333334
1300,0.732966666666667
1303,0.677033333333333
1306,0.703133333333333
1311,0.3462
1315,0.2271
1320,0.369033333333333
1324,0.7314
1326,0.358533333333333
1335,0.618966666666667
1337,0.688766666666667
1339,0.4493
1343,0.568766666666667
1345,0.5282
1348,0.787533333333334
1350,0.3605
1355,0.475966666666667
1357,0.5102
1366,0.5615
1371,0.459
1373,0.523433333333333
1376,0.694433333333333
1386,0.634966666666667
1387,0.5013
1394,0.4878
1397,0.0663
1400,0.659433333333334
1403,0.654433333333333
1405,0.621966666666667
1409,0.785566666666667
1412,0.426333333333333
1413,0.406533333333333
1416,0.650433333333333
1420,0.482633333333333
1421,0.829633333333333
1423,0.8319
1440,0.7576
1443,0.7397
1445,0.6041
1449,0.7725
1451,0.370933333333333
1452,0.341
1457,0.571333333333333
1460,0.437133333333333
1463,0.2759
1464,0.385533333333333
1466,0.565866666666667
1468,0.7985
1469,0.7458
1472,0.301033333333333
1473,0.842433333333333
1474,0.3288
1475,0.7419
1476,0.6005
1477,0.6744
1478,0.832633333333333
1479,0.725466666666667
1482,0.794933333333333
1485,0.4368
1493,0.649766666666666
1499,0.8027
1502,0.579166666666666
1503,0.543633333333333
1505,0.4691
1507,0.607366666666667
1511,0.241333333333333
1516,0.6974
1522,0.5682
1543,0.456866666666667
1545,0.6244
1548,0.684966666666667
1550,0.804766666666667
1552,0.424966666666667
1553,0.6559
1558,0.620766666666667
1560,0.847466666666667
1562,0.5929
1565,0.5016
1566,0.331
1572,0.6127
1576,0.440333333333333
1578,0.694666666666667
1582,0.443
1591,0.489033333333333
1592,0.233766666666667
1593,0.625966666666667
1594,0.603933333333333
1602,0.349033333333333
1604,0.547766666666667
1605,0.618133333333333
1607,0.599766666666667
1617,0.7699
1619,0.3411
1621,0.8732
1628,0.525366666666667
1630,0.570833333333334
1632,0.5129
1633,0.456833333333333
1636,0.7249
1647,0.204
1648,0.6053
1657,0.160466666666667
1658,0.7907
1667,0.371833333333333
1669,0.187933333333333
1684,0.3594
1688,0.414866666666667
1689,0.492533333333333
1692,0.641
1694,0.2842
1699,0.405733333333333
1703,0.640533333333333
1704,0.582133333333333
1707,0.351633333333333
1720,0.585433333333333
1727,0.485766666666667
1728,0.4823
1729,0.800366666666667
1736,0.339133333333333
1737,0.796633333333333
1744,0.5641
1746,0.628866666666667
1747,0.889266666666667
1751,0.588366666666667
1755,0.690533333333333
1760,0.5947
1761,0.598333333333333
1762,0.7807
1763,0.3063
1764,0.6243
1766,0.245033333333333
1776,0.7715
1781,0.5496
1787,0.611833333333333
1798,0.446233333333333
1801,0.7138
1808,0.668233333333333
1811,0.4709
1812,0.741166666666667
1813,0.4528
1816,0.693866666666667
1817,0.388333333333333
1818,0.7537
1823,0.495366666666667
1826,0.2676
1828,0.680466666666667
1831,0.659
1833,0.647866666666667
1839,0.650633333333333
1847,0.543133333333333
1850,0.624866666666667
1855,0.7178
1864,0.617333333333333
1866,0.226933333333333
1872,0.6176
1874,0.614533333333333
1875,0.791966666666667
1886,0.481066666666667
1889,0.679866666666667
1894,0.832966666666667
1899,0.406833333333333
1902,0.809866666666667
1903,0.183233333333333
1904,0.5804
1908,0.429833333333334
1910,0.5099
1912,0.4545
1913,0.433366666666667
1921,0.307033333333333
1927,0.5805
1928,0.787833333333333
1940,0.6525
1943,0.4257
1944,0.6154
1947,0.5977
1952,0.116033333333333
1959,0.313133333333333
1964,0.3932
1966,0.629333333333333
1969,0.6141
1978,0.684866666666667
1980,0.596233333333333
1983,0.715333333333333
1988,0.444566666666667
1990,0.736833333333333
1995,0.620866666666667
1996,0.822866666666667
2001,0.781566666666667
2006,0.280466666666667
2007,0.502333333333333
2011,0.3756
2020,0.429033333333333
2021,0.4618
2022,0.4733
2028,0.647733333333333
2034,0.4976
2036,0.635733333333333
2037,0.591666666666667
2038,0.541
2045,0.431966666666667
2047,0.759266666666667
2052,0.7289
2058,0.875633333333333
2061,0.206233333333333
2065,0.147633333333333
2067,0.599666666666667
2068,0.675266666666667
2070,0.584866666666667
2071,0.675
2072,0.6778
2075,0.720233333333333
2076,0.602333333333333
2084,0.5234
2094,0.519966666666667
2095,0.302733333333333
2101,0.734166666666667
2104,0.2749
2112,0.768266666666667
2114,0.271566666666667
2117,0.582466666666667
2118,0.494566666666667
2123,0.713233333333333
2129,0.700566666666667
2131,0.283933333333333
2140,0.425166666666667
2141,0.666733333333333
2146,0.610233333333333
2147,0.5192
2148,0.5007
2151,0.829233333333333
2153,0.5355
2156,0.6706
2160,0.695766666666667
2177,0.4473
2178,0.465233333333333
2188,0.5508
2192,0.456166666666667
2198,0.587633333333333
2199,0.8031
2203,0.6486
2207,0.4077
2210,0.6194
2222,0.486
2227,0.624166666666667
2228,0.539133333333333
2230,0.7347
2231,0.330466666666667
2236,0.475066666666667
2243,0.735066666666667
2244,0.617566666666667
2253,0.392966666666667
2256,0.648733333333333
2259,0.420866666666667
2263,0.707266666666667
2265,0.6111
2267,0.795766666666667
2270,0.436066666666667
2272,0.516533333333333
2273,0.5951
2276,0.628566666666667
2279,0.3587
2281,0.505566666666667
2284,0.448166666666667
2285,0.426533333333333
2287,0.7289
2292,0.8081
2296,0.533733333333333
2298,0.694866666666667
2305,0.7268
2306,0.670566666666667
2309,0.1733
2310,0.4433
2312,0.2958
2316,0.4474
2319,0.701333333333333
2320,0.801466666666667
2326,0.569733333333333
2331,0.526133333333333
2335,0.7038
2336,0.458366666666667
2341,0.637333333333334
2345,0.6247
2346,0.4088
2348,0.5038
2352,0.65
2353,0.2803
2355,0.566033333333333
2359,0.655966666666667
2360,0.698066666666667
2371,0.442066666666667
2378,0.662366666666667
2381,0.706166666666667
2386,0.204366666666667
2390,0.4333
2391,0.555866666666667
2392,0.711766666666667
2393,0.6023
2398,0.4976
2402,0.369733333333333
2404,0.590133333333333
2409,0.659166666666667
2410,0.907133333333333
2412,0.731766666666667
2417,0.719766666666667
2419,0.562
2422,0.5766
2424,0.383766666666667
2430,0.5981
2434,0.6294
2441,0.316133333333333
2444,0.408233333333333
2449,0.594833333333334
2453,0.470733333333333
2455,0.3651
2456,0.4365
2462,0.785466666666667
2464,0.610866666666667
2465,0.680466666666667
2466,0.486
2468,0.355266666666667
2469,0.5152
2470,0.5875
2474,0.663233333333333
2479,0.618533333333333
2480,0.724266666666667
2483,0.716466666666667
2485,0.5016
2486,0.565333333333333
2496,0.5808
2497,0.838766666666667
2498,0.6166
2509,0.628366666666667
2511,0.7471
2513,0.890633333333333
2516,0.358366666666667
2523,0.6046
2525,0.504566666666666
2527,0.557033333333333
2528,0.5338
2533,0.373666666666667
2540,0.652866666666667
2543,0.384166666666667
2544,0.828766666666667
2549,0.6842
2551,0.806866666666667
2558,0.343066666666667
2572,0.4061
2573,0.6669
2574,0.536366666666667
2576,0.499633333333333
2579,0.369266666666667
2584,0.7258
2589,0.679833333333333
2597,0.834433333333333
2599,0.374933333333333
2605,0.553333333333333
2608,0.617833333333333
2614,0.278766666666667
2619,0.551033333333333
2622,0.343433333333333
2623,0.5482
2624,0.755433333333333
2625,0.273333333333333
2640,0.659933333333333
2642,0.3514
2646,0.377366666666667
2649,0.527233333333333
2662,0.721133333333333
2663,0.1341
2664,0.636933333333333
2671,0.7149
2677,0.485833333333333
2679,0.629933333333333
2683,0.771533333333334
2685,0.643433333333334
2694,0.6065
2697,0.714366666666667
2700,0.773966666666667
2706,0.6656
2710,0.3455
2719,0.5572
2731,0.691733333333334
2734,0.553666666666667
2736,0.7208
2745,0.759666666666667
2746,0.363
2750,0.6446
2755,0.461433333333333
2757,0.749033333333333
2776,0.472633333333333
2787,0.2827
2788,0.691433333333333
2789,0.7415
2791,0.6808
2793,0.432733333333333
2795,0.4148
2800,0.5648
2801,0.445366666666667
2806,0.890133333333333
2808,0.4466
2813,0.533
2814,0.7615
2819,0.746333333333333
2820,0.597433333333333
2823,0.3933
2830,0.546533333333333
2832,0.479033333333333
2838,0.457833333333333
2839,0.461233333333333
2845,0.708633333333333
2846,0.660766666666667
2856,0.5936
2858,0.495166666666667
2860,0.7276
2864,0.267466666666667
2866,0.7032
2871,0.665
2875,0.305333333333333
2882,0.283233333333333
2891,0.527033333333333
2892,0.766166666666667
2898,0.366733333333333
2900,0.373633333333333
2907,0.701433333333334
2915,0.3561
2917,0.506933333333333
2926,0.3444
2928,0.465133333333333
2932,0.5125
2950,0.481033333333333
2958,0.621233333333333
2967,0.787766666666667
2982,0.507966666666667
2983,0.527666666666667
2994,0.5791
2997,0.473533333333334
3013,0.3998
3016,0.7448
3026,0.6837
3031,0.5612
3032,0.703266666666667
3041,0.483733333333333
3045,0.561
3050,0.3061
3057,0.335933333333333
3060,0.589833333333333
3061,0.756766666666667
3064,0.676066666666667
3065,0.367633333333333
3068,0.616166666666667
3082,0.637466666666667
3094,0.6947
3095,0.386033333333333
3096,0.332133333333333
3098,0.637066666666667
3103,0.799266666666667
3108,0.6329
3117,0.598633333333333
3118,0.745666666666667
3127,0.508866666666667
3129,0.467933333333333
3131,0.5394
3134,0.6248
3136,0.631133333333333
3139,0.251466666666667
3142,0.7939
3147,0.348866666666667
3154,0.570366666666667
3156,0.516466666666667
3159,0.7123
3163,0.606266666666667
3166,0.6977
3172,0.797766666666667
3173,0.668533333333333
3178,0.630166666666667
3180,0.3557
3185,0.648133333333333
3187,0.289766666666667
3189,0.661066666666667
3193,0.622066666666667
3194,0.8528
3195,0.760366666666667
3198,0.743233333333333
3205,0.371366666666667
3207,0.554133333333333
3208,0.5365
3213,0.474066666666667
3214,0.625866666666667
3215,0.514233333333333
3225,0.734666666666667
3227,0.503366666666667
3232,0.656766666666666
3244,0.880033333333333
3246,0.5302
3248,0.457366666666667
3252,0.650133333333333
3255,0.374466666666667
3263,0.482033333333333
3265,0.5451
3274,0.893266666666667
3287,0.6879
3296,0.488866666666667
3299,0.7953
3301,0.583466666666667
3302,0.447133333333333
3304,0.558233333333333
3306,0.461133333333333
3308,0.858033333333333
3313,0.64
3321,0.468766666666667
3326,0.5943
3327,0.602466666666667
3332,0.1087
3334,0.6374
3336,0.216533333333333
3346,0.358633333333333
3347,0.678633333333333
3348,0.4444
3351,0.359133333333333
3360,0.344133333333333
3366,0.346333333333333
3367,0.822833333333333
3369,0.5206
3371,0.6351
3372,0.836766666666667
3385,0.465866666666667
3389,0.475233333333333
3390,0.597633333333333
3392,0.423666666666667
3393,0.2302
3394,0.5355
3396,0.581133333333334
3412,0.557866666666667
3413,0.7433
3420,0.3718
3425,0.318566666666667
3427,0.683833333333333
3430,0.490466666666667
3432,0.553666666666667
3433,0.627466666666667
3434,0.7161
3442,0.668166666666667
3447,0.185566666666667
3461,0.457633333333333
3462,0.474466666666667
3464,0.3953
3471,0.786333333333333
3475,0.740833333333333
3476,0.629633333333334
3487,0.531933333333333
3488,0.7026
3490,0.488
3498,0.6799
3499,0.814166666666667
3500,0.626766666666667
3506,0.510033333333333
3511,0.591966666666667
3512,0.649566666666667
3514,0.7682
3518,0.606766666666667
3523,0.486666666666667
3525,0.560466666666667
3533,0.595166666666667
3537,0.5813
3543,0.455133333333333
3545,0.243266666666667
3550,0.6739
3554,0.7607
3555,0.5762
3558,0.633033333333333
3559,0.533766666666667
3562,0.343766666666667
3564,0.780833333333333
3566,0.7185
3567,0.675733333333333
3572,0.743833333333333
3573,0.5651
3574,0.211733333333333
3576,0.682933333333334
3579,0.861633333333333
3588,0.8886
3590,0.580966666666667
3592,0.642133333333333
3593,0.722866666666667
3594,0.602566666666667
3596,0.2859
3601,0.723833333333333
3602,0.620266666666667
3604,0.218833333333333
3607,0.564933333333333
3613,0.193566666666667
3618,0.8213
3621,0.4851
3631,0.521633333333333
3641,0.765633333333333
3646,0.680066666666667
3657,0.500533333333333
3660,0.364966666666667
3665,0.569166666666667
3666,0.200666666666667
3676,0.6895
3680,0.6142
3682,0.685366666666667
3695,0.744133333333334
3704,0.363966666666667
3707,0.5879
3712,0.5302
3713,0.4179
3714,0.2582
3715,0.611966666666667
3719,0.374966666666667
3733,0.406133333333333
3735,0.637566666666667
3736,0.7403
3737,0.7489
3738,0.284333333333333
3743,0.604233333333333
3744,0.6719
3746,0.1625
3747,0.297566666666667
3749,0.6944
3753,0.657233333333333
3758,0.518833333333333
3764,0.392466666666667
3767,0.211933333333333
3769,0.392833333333333
3781,0.267733333333333
3782,0.6229
3784,0.484566666666667
3788,0.710133333333333
3793,0.490666666666667
3801,0.518333333333333
3805,0.485466666666667
3807,0.763
3808,0.335766666666667
3809,0.6746
3810,0.743666666666666
3813,0.4393
3816,0.3114
3817,0.4875
3820,0.6332
3833,0.304566666666667
3835,0.4344
3837,0.661566666666667
3839,0.6975
3840,0.521666666666667
3843,0.583533333333333
3848,0.513066666666667
3850,0.7025
3851,0.271566666666667
3859,0.404966666666667
3866,0.699533333333333
3870,0.6366
3873,0.520466666666667
3881,0.446133333333333
3882,0.559633333333333
3889,0.372833333333333
3906,0.6184
3908,0.467666666666667
3909,0.4287
3910,0.824
3913,0.733366666666667
3915,0.538566666666667
3917,0.6075
3922,0.420933333333333
3923,0.726866666666667
3924,0.6236
3933,0.742133333333333
3935,0.253166666666667
3939,0.178533333333333
3960,0.7004
3971,0.673366666666667
3976,0.315666666666667
3977,0.428766666666667
3987,0.265733333333333
3990,0.469966666666667
4005,0.409633333333333
4008,0.6346
4009,0.915133333333333
4011,0.394166666666667
4012,0.7675
4020,0.5309
4021,0.2491
4022,0.2891
4027,0.633133333333333
4028,0.324166666666667
4030,0.5038
4031,0.3013
4035,0.2626
4036,0.3311
4037,0.507466666666667
4039,0.434933333333333
4044,0.530466666666667
4046,0.611066666666667
4054,0.2661
4056,0.401333333333333
4059,0.5378
4062,0.605633333333333
4064,0.532466666666667
4067,0.516066666666667
4072,0.4482
4090,0.6725
4095,0.3214
4099,0.892633333333333
4102,0.606233333333333
4103,0.6832
4105,0.1886
4110,0.315866666666667
4112,0.247266666666667
4114,0.691766666666667
4116,0.268466666666667
4117,0.174533333333333
4118,0.7326
4124,0.583866666666667
4126,0.744766666666667
4137,0.569366666666667
4141,0.3739
4149,0.6454
4150,0.814
4152,0.535566666666667
4158,0.457433333333333
4162,0.4709
4163,0.641466666666667
4165,0.484833333333333
4167,0.7599
4170,0.212833333333333
4173,0.7514
4183,0.816133333333333
4188,0.4652
4191,0.5538
4192,0.2161
4195,0.496733333333333
4199,0.5237
4203,0.269233333333333
4208,0.625866666666667
4218,0.5066
4231,0.496
4233,0.748466666666667
4234,0.6364
4240,0.234233333333333
4247,0.673366666666667
4249,0.336866666666667
4254,0.704966666666667
4256,0.631733333333333
4258,0.584733333333333
4260,0.5053
4262,0.643366666666667
4267,0.293533333333333
4280,0.297966666666667
4281,0.754733333333333
4282,0.3616
4284,0.698666666666667
4285,0.6498
4288,0.466
4300,0.4976
4301,0.644033333333334
4302,0.371966666666667
4303,0.392133333333333
4305,0.3726
4308,0.301633333333333
4314,0.357466666666667
4315,0.607233333333334
4325,0.606633333333333
4327,0.815666666666667
4330,0.5278
4334,0.5992
4340,0.610166666666667
4347,0.2622
4349,0.838966666666667
4362,0.382066666666667
4370,0.605433333333333
4372,0.5285
4377,0.567933333333333
4379,0.807266666666667
4383,0.581566666666667
4392,0.5731
4393,0.629966666666667
4394,0.3967
4402,0.5802
4406,0.335166666666667
4409,0.757933333333333
4411,0.444466666666667
4412,0.5872
4418,0.762333333333333
4420,0.681633333333333
4422,0.5537
4431,0.3954
4433,0.304966666666667
4435,0.439366666666667
4445,0.515133333333333
4449,0.7113
4451,0.472266666666667
4457,0.726666666666667
4458,0.294933333333333
4460,0.372133333333333
4462,0.4685
4464,0.6027
4466,0.451333333333333
4469,0.893766666666667
4472,0.3415
4473,0.622133333333334
4475,0.4014
4478,0.391533333333333
4481,0.5014
4482,0.4753
4484,0.428166666666667
4494,0.4579
4496,0.696333333333333
4497,0.698766666666667
4507,0.6196
4510,0.3546
4513,0.356366666666667
4525,0.465333333333333
4530,0.849333333333333
4537,0.6716
4542,0.4233
4543,0.322666666666667
4544,0.699633333333333
4546,0.361033333333333
4547,0.7035
4558,0.651233333333333
4568,0.616366666666667
4569,0.431366666666667
4572,0.245566666666667
4579,0.754466666666667
4580,0.4041
4584,0.4728
4586,0.5507
4598,0.353266666666667
4602,0.474833333333333
4607,0.231866666666667
4610,0.579866666666667
4613,0.3989
4620,0.455966666666667
4623,0.693966666666667
4626,0.591333333333333
4629,0.460433333333333
4631,0.414333333333333
4633,0.709333333333333
4634,0.6871
4635,0.825066666666667
4638,0.228466666666667
4639,0.762766666666667
4641,0.585766666666666
4644,0.5437
4646,0.684066666666667
4650,0.732066666666667
4658,0.192433333333333
4661,0.671866666666667
4665,0.4357
4672,0.732
4680,0.311966666666667
4683,0.174366666666667
4690,0.793933333333333
4693,0.754866666666667
4694,0.812933333333333
4695,0.5045
4698,0.711633333333333
4699,0.4897
4702,0.635866666666667
4710,0.6255
4711,0.481866666666667
4715,0.3325
4718,0.57
4734,0.534533333333333
4738,0.181166666666667
4740,0.533266666666667
4757,0.460866666666667
4759,0.592366666666667
4761,0.672466666666667
4768,0.263133333333333
4770,0.5306
4773,0.675866666666667
4778,0.6628
4782,0.1975
4785,0.685233333333333
4787,0.4764
4795,0.4693
4797,0.686666666666667
4799,0.797833333333333
4803,0.5017
4804,0.5488
4805,0.636966666666667
4814,0.118466666666667
4815,0.892866666666667
4821,0.798166666666667
4823,0.683466666666667
4824,0.643266666666667
4840,0.6646
4842,0.657733333333333
4844,0.783166666666667
4848,0.248833333333333
4850,0.444533333333333
4851,0.558
4859,0.3159
4861,0.685233333333333
4863,0.475933333333333
4865,0.425666666666667
4867,0.610366666666667
4870,0.718933333333333
4872,0.771333333333333
4874,0.376066666666667
4877,0.544666666666667
4883,0.5412
4884,0.6246
4885,0.740733333333333
4895,0.808433333333333
4901,0.8164
4902,0.334066666666667
4903,0.7734
4904,0.597033333333333
4905,0.862033333333333
4910,0.8375
4915,0.433766666666667
4918,0.554966666666667
4920,0.421733333333333
4922,0.5245
4924,0.270566666666667
4933,0.786
4934,0.634333333333334
4935,0.432966666666667
4939,0.319533333333333
4940,0.8483
4943,0.686266666666667
4944,0.1495
4946,0.541566666666667
4948,0.781633333333333
4950,0.517633333333333
4952,0.219833333333333
4955,0.579266666666667
4956,0.663633333333333
4961,0.747
4964,0.7119
4967,0.638233333333333
4968,0.713666666666667
4969,0.873
4974,0.338533333333333
4978,0.729966666666667
4981,0.5931
4989,0.837166666666667
4990,0.262633333333333
4991,0.2992
4993,0.726866666666667
4995,0.5583
5001,0.5678
5002,0.650666666666667
5008,0.784466666666667
5013,0.720466666666667
5019,0.464266666666667
5021,0.742366666666667
5022,0.3456
5026,0.568533333333333
5034,0.6586
5038,0.607233333333333
5040,0.453366666666667
5042,0.806966666666667
5047,0.5786
5048,0.5661
5054,0.2705
5063,0.713633333333333
5064,0.359466666666667
5066,0.235966666666667
5070,0.742133333333333
5073,0.174066666666667
5074,0.488633333333333
5075,0.8458
5077,0.518666666666667
5078,0.700333333333333
5080,0.597066666666667
5086,0.5315
5090,0.7388
5096,0.879133333333333
5097,0.305933333333333
5098,0.7034
5100,0.2712
5103,0.7274
5107,0.571466666666667
5108,0.302066666666667
5114,0.635533333333333
5115,0.249333333333333
5133,0.571333333333333
5134,0.7452
5137,0.815866666666667
5138,0.705933333333333
5143,0.748
5144,0.651366666666667
5159,0.722933333333333
5160,0.317133333333334
5161,0.2692
5164,0.451633333333333
5165,0.725633333333333
5179,0.609433333333333
5182,0.436666666666667
5187,0.450866666666667
5188,0.640333333333334
5189,0.665666666666667
5194,0.4538
5197,0.609333333333333
5198,0.7526
5203,0.2747
5206,0.319433333333333
5208,0.6656
5216,0.645266666666667
5224,0.5481
5226,0.439966666666667
5229,0.547866666666667
5236,0.727966666666667
5240,0.743866666666667
5242,0.5923
5249,0.467066666666667
5250,0.2656
5253,0.735433333333333
5255,0.474866666666667
5256,0.699433333333333
5260,0.680133333333333
5265,0.5505
5266,0.325966666666667
5275,0.493866666666667
5276,0.645966666666667
5287,0.7089
5293,0.6273
5294,0.748966666666667
5295,0.674533333333333
5301,0.763633333333333
5304,0.441
5310,0.783366666666667
5313,0.4621
5318,0.851466666666667
5332,0.546866666666667
5343,0.643433333333333
5347,0.258366666666667
5352,0.537
5355,0.6754
5357,0.6533
5359,0.320866666666667
5360,0.586433333333333
5374,0.580333333333333
5375,0.203266666666667
5383,0.550766666666666
5387,0.5264
5392,0.724066666666667
5397,0.504
5399,0.3445
5403,0.5928
5413,0.6345
5414,0.340566666666667
5419,0.6681
5420,0.561
5423,0.470533333333333
5428,0.612733333333333
5430,0.661266666666667
5431,0.801966666666667
5432,0.650966666666667
5434,0.2152
5436,0.614033333333333
5437,0.552533333333333
5445,0.635733333333333
5448,0.6365
5453,0.392666666666667
5459,0.689566666666667
5461,0.772033333333333
5464,0.6341
5465,0.2823
5474,0.758033333333333
5479,0.3671
5480,0.439266666666667
5486,0.660166666666666
5488,0.724666666666667
5490,0.643733333333333
5492,0.476233333333333
5496,0.370166666666667
5499,0.820533333333333
5500,0.731966666666667
5516,0.442433333333333
5522,0.727033333333333
5530,0.481866666666667
5531,0.7751
5537,0.5199
5538,0.314833333333333
5554,0.626233333333333
5556,0.515766666666667
5561,0.6878
5562,0.915166666666667
5569,0.3498
5573,0.8105
5576,0.452266666666667
5581,0.526533333333333
5588,0.435633333333333
5592,0.667533333333334
5596,0.463866666666667
5600,0.770666666666667
5602,0.639466666666667
5603,0.398233333333333
5609,0.746633333333333
5612,0.515933333333333
5617,0.713166666666667
5620,0.591733333333333
5621,0.696233333333333
5623,0.553833333333334
5634,0.821333333333333
5639,0.888966666666666
5642,0.606566666666667
5643,0.2766
5645,0.5233
5648,0.297566666666667
5659,0.416833333333333
5664,0.620833333333333
5674,0.631133333333333
5676,0.318333333333333
5680,0.292333333333333
5681,0.481266666666667
5683,0.748966666666667
5690,0.655666666666667
5698,0.524566666666667
5706,0.902333333333333
5717,0.556633333333333
5721,0.634333333333333
5723,0.709266666666667
5726,0.444
5730,0.579666666666667
5736,0.498566666666667
5741,0.501166666666667
5748,0.4296
5749,0.575166666666667
5750,0.395833333333333
5757,0.261666666666667
5761,0.757166666666667
5766,0.4145
5779,0.448533333333333
5789,0.429633333333333
5791,0.649933333333333
5794,0.752766666666667
5797,0.130733333333333
5806,0.257533333333333
5811,0.6701
5812,0.503166666666667
5814,0.451466666666667
5815,0.449866666666667
5816,0.565
5824,0.363733333333333
5826,0.291233333333333
5827,0.6757
5843,0.835166666666667
5848,0.6242
5859,0.235033333333333
5863,0.622066666666667
5864,0.4025
5877,0.5394
5880,0.5315
5882,0.601866666666667
5886,0.5287
5890,0.634466666666667
5891,0.685633333333333
5892,0.477633333333333
5900,0.395133333333333
5903,0.602466666666667
5907,0.478233333333333
5912,0.5542
5914,0.8233
5923,0.7201
5930,0.524633333333333
5937,0.4369
5938,0.512533333333333
5946,0.525566666666667
5948,0.656633333333333
5950,0.4534
5952,0.628333333333333
5953,0.3494
5956,0.662866666666667
5957,0.477
5960,0.6373
5967,0.674133333333333
5969,0.569833333333333
5975,0.787733333333334
5976,0.325933333333333
5979,0.371766666666667
5986,0.405666666666667
5988,0.329
5989,0.691266666666667
5991,0.830566666666666
5993,0.6093
5999,0.741633333333333
6009,0.615266666666667
6014,0.657033333333333
6015,0.516866666666667
6016,0.2003
6019,0.752833333333333
6036,0.527533333333333
6037,0.3415
6038,0.5326
6042,0.782966666666667
6048,0.624066666666666
6056,0.6166
6058,0.479966666666667
6065,0.791166666666667
6067,0.7114
6071,0.4813
6072,0.431933333333333
6073,0.603533333333333
6079,0.432
6081,0.553766666666667
6090,0.507466666666667
6094,0.5283
6099,0.4996
6102,0.662033333333333
6105,0.4613
6115,0.678333333333333
6118,0.497833333333333
6125,0.616
6128,0.5567
6130,0.544633333333334
6131,0.749066666666667
6137,0.7252
6162,0.2129
6172,0.476466666666667
6179,0.4826
6182,0.632366666666667
6184,0.635333333333334
6186,0.6956
6187,0.1722
6195,0.422833333333333
6196,0.586233333333333
6197,0.6534
6200,0.437
6201,0.826766666666667
6205,0.4706
6207,0.468766666666667
6208,0.7127
6214,0.5776
6215,0.757933333333333
6222,0.6782
6223,0.751833333333333
6239,0.6959
6241,0.2044
6243,0.3451
6245,0.2704
6257,0.7599
6258,0.722966666666667
6260,0.625233333333333
6264,0.796266666666667
6267,0.526533333333333
6283,0.754
6285,0.726533333333333
6289,0.7164
6292,0.593733333333333
6293,0.782
6294,0.700966666666667
6297,0.547633333333333
6298,0.6143
6299,0.7379
6307,0.476233333333333
6308,0.5002
6319,0.637633333333333
6321,0.7566
6335,0.4374
6341,0.7718
6343,0.7695
6348,0.441333333333333
6349,0.757533333333333
6353,0.764233333333333
6362,0.4097
6363,0.911566666666667
6377,0.506
6378,0.573166666666667
6388,0.520266666666667
6389,0.4405
6391,0.705833333333333
6392,0.455066666666667
6393,0.460533333333333
6394,0.676566666666667
6395,0.1558
6405,0.564133333333333
6408,0.717366666666667
6409,0.5967
6412,0.5105
6415,0.346166666666667
6421,0.4711
6426,0.6306
6428,0.756733333333333
6438,0.5849
6439,0.276133333333333
6440,0.826166666666667
6445,0.457733333333333
6447,0.9123
6450,0.564866666666667
6451,0.6136
6452,0.700433333333333
6458,0.462966666666667
6459,0.289
6461,0.649266666666667
6464,0.282133333333333
6468,0.711
6477,0.707033333333333
6478,0.781333333333333
6479,0.800233333333333
6481,0.464066666666667
6494,0.559766666666667
6495,0.5005
6497,0.595333333333333
6503,0.2001
6504,0.7142
6505,0.7509
6513,0.6649
6520,0.544266666666667
6521,0.281966666666667
6522,0.754333333333333
6524,0.634833333333333
6526,0.456733333333333
6527,0.287066666666667
6538,0.7471
6541,0.263933333333333
6543,0.442166666666667
6546,0.6337
6573,0.613
6578,0.379333333333333
6583,0.3743
6584,0.3234
6589,0.539233333333333
6592,0.7018
6595,0.254433333333333
6597,0.400033333333333
6604,0.648666666666667
6606,0.674266666666667
6613,0.740066666666666
6619,0.6222
6625,0.737333333333334
6626,0.839566666666667
6638,0.417966666666667
6639,0.4165
6641,0.633133333333333
6645,0.5951
6646,0.544666666666667
6651,0.4203
6653,0.4456
6662,0.735
6676,0.608133333333333
6684,0.6305
6698,0.2357
6704,0.690866666666667
6709,0.795
6710,0.5023
6714,0.7706
6717,0.7714
6718,0.4691
6719,0.702466666666667
6722,0.6587
6724,0.4082
6739,0.842366666666667
6740,0.265933333333333
6753,0.7039
6760,0.627666666666667
6768,0.6992
6771,0.4959
6774,0.3198
6775,0.2484
6780,0.517433333333333
6787,0.587466666666667
6788,0.527766666666667
6793,0.226666666666667
6794,0.7052
6800,0.446166666666667
6805,0.768966666666667
6814,0.4677
6822,0.718766666666667
6825,0.5002
6828,0.288833333333333
6839,0.2042
6841,0.568266666666667
6842,0.4356
6843,0.338933333333333
6848,0.770066666666666
6851,0.206766666666667
6854,0.6309
6878,0.395466666666667
6879,0.630733333333333
6881,0.677033333333333
6883,0.427333333333333
6886,0.5326
6893,0.228566666666667
6898,0.5825
6907,0.847666666666667
6911,0.413566666666667
6913,0.6473
6924,0.617333333333333
6926,0.621533333333333
6927,0.344566666666667
6931,0.828766666666667
6933,0.690033333333333
6934,0.408666666666667
6937,0.641233333333333
6945,0.733566666666667
6954,0.759166666666667
6959,0.2105
6966,0.404533333333333
6971,0.503433333333333
6973,0.7679
6978,0.783733333333334
6989,0.514666666666667
6993,0.572466666666667
7006,0.539333333333333
7011,0.8543
7014,0.738
7015,0.6738
7025,0.521566666666667
7028,0.584466666666667
7037,0.5041
7040,0.5231
7041,0.610833333333333
7043,0.760533333333333
7045,0.474633333333333
7046,0.371566666666667
7054,0.705066666666667
7057,0.634133333333333
7058,0.5955
7059,0.704366666666667
7069,0.542066666666667
7070,0.289866666666667
7078,0.676833333333333
7086,0.6037
7090,0.932033333333333
7091,0.551966666666667
7094,0.308166666666667
7100,0.731833333333333
7109,0.633066666666667
7121,0.555833333333334
7130,0.4328
7131,0.7914
7132,0.2657
7133,0.248966666666667
7148,0.902833333333333
7151,0.5817
7155,0.407633333333333
7159,0.599066666666667
7165,0.673633333333334
7176,0.5957
7182,0.6321
7187,0.716933333333333
7189,0.426466666666667
7190,0.2665
7194,0.316533333333333
7196,0.5879
7197,0.869566666666667
7208,0.836566666666667
7212,0.840633333333333
7215,0.816866666666667
7217,0.247
7222,0.423566666666667
7223,0.655966666666667
7227,0.3951
7230,0.797333333333333
7239,0.3803
7266,0.657666666666667
7272,0.8389
7273,0.488266666666667
7274,0.3535
7280,0.549866666666667
7281,0.472233333333333
7284,0.4773
7292,0.7163
7293,0.5991
7299,0.8334
7302,0.506233333333333
7305,0.413233333333333
7310,0.3466
7313,0.482
7317,0.700466666666667
7323,0.7491
7326,0.2657
7333,0.704466666666667
7335,0.4341
7343,0.522
7344,0.419033333333333
7347,0.5001
7353,0.8799
7361,0.301
7366,0.623533333333333
7385,0.532533333333333
7386,0.730233333333334
7408,0.733733333333333
7411,0.413366666666667
7422,0.732833333333333
7437,0.478866666666667
7451,0.6217
7453,0.825066666666667
7459,0.725966666666667
7537,0.8987
7551,0.505266666666667
7559,0.261333333333333
7644,0.5558
7653,0.527366666666667
7660,0.519566666666667
7662,0.811333333333333
7696,0.6004
7702,0.592833333333333
7705,0.5693
7707,0.8099
7721,0.769166666666667
7727,0.4143
7742,0.451966666666667
7764,0.6288
7768,0.487066666666667
7795,0.656766666666667
7801,0.855533333333333
7805,0.3583
7808,0.414833333333333
7811,0.728966666666667
7841,0.4455
7848,0.457766666666667
7851,0.464066666666667
7853,0.763233333333333
7866,0.3927
7868,0.6742
7870,0.489833333333333
7872,0.8659
7875,0.603733333333333
7880,0.623433333333333
7881,0.925533333333333
7901,0.556433333333333
7905,0.4177
7909,0.732066666666667
7936,0.5339
7938,0.5979
7943,0.578933333333333
7946,0.498933333333333
7951,0.4283
7990,0.6179
7998,0.542066666666667
8011,0.732366666666667
8020,0.539466666666666
8025,0.4192
8051,0.384033333333333
8061,0.271433333333333
8073,0.422733333333333
8075,0.4735
8078,0.753933333333333
8087,0.624933333333333
8091,0.561533333333333
8099,0.890033333333334
8118,0.761533333333333
8121,0.444833333333333
8125,0.2552
8146,0.217333333333333
8152,0.592833333333333
8153,0.609033333333334
8161,0.672166666666667
8165,0.4632
8175,0.646333333333333
8188,0.359066666666667
8257,0.178333333333333
8266,0.867066666666667
8273,0.4116
8293,0.758866666666667
8317,0.570566666666667
8331,0.7466
8344,0.519666666666667
8353,0.943966666666667
8366,0.3525
8374,0.394233333333333
8382,0.350166666666667
8386,0.413133333333333
8423,0.463266666666667
8456,0.386033333333333
8491,0.436533333333333
8503,0.500133333333333
8510,0.556833333333333
8511,0.429933333333333
8544,0.918033333333333
8556,0.789733333333333
8578,0.478733333333333
8609,0.455666666666667
8610,0.516533333333333
8614,0.441066666666667
8657,0.612833333333333
8658,0.4265
8669,0.718966666666667
8677,0.5088
8678,0.627533333333333
8682,0.657766666666667
8710,0.626166666666667
8731,0.413
8745,0.8693
8749,0.158866666666667
8752,0.401966666666667
8772,0.455066666666667
8779,0.334633333333333
8792,0.321833333333333
8812,0.891733333333333
8825,0.699033333333333
8852,0.547766666666667
8866,0.553466666666667
8894,0.228166666666667
8906,0.495466666666667
8936,0.7356
8938,0.6758
8957,0.275133333333333
8961,0.390766666666667
8970,0.459666666666667
9005,0.422066666666667
9031,0.320166666666667
9050,0.558666666666667
9051,0.575033333333333
9052,0.641433333333333
9066,0.715466666666667
9076,0.605133333333333
9090,0.6818
9216,0.4885
